seqmod,seqmod,emanjavacas_seqmod,2,2017-01-29 01:34:13
torch,pytorch,pytorch_pytorch,1,2017-03-11 00:00:00
torch_extras,pytorch-extras,mrdrozdov_pytorch-extras,2,2017-02-01 01:08:58
block,block,bamos_block,2,2017-02-07 00:49:57
aorun,aorun,ramon-oliveira_aorun,2,2017-03-11 09:10:13
jack,uclmr-jack,uclmr_jack,2,2017-04-06 04:58:03
lake,lake,CosmosShadow_lake,2,2017-04-27 09:55:21
nnmnkwii,nnmnkwii,r9y9_nnmnkwii,2,2017-05-03 22:12:08
torchaudio,torchaudio,pytorch_audio,2,2017-05-05 08:37:43
minpy,minpy,dmlc_minpy,2,2017-05-07 09:38:40
pyntcloud,pyntcloud,daavoo_pyntcloud,2,2017-05-08 19:13:16
dpipe,deep-pipe,neuro-ml_deep_pipe,2,2017-05-24 22:59:04
torcht,pytorch-skipthoughts,kaniblu_pytorch-skipthoughts,2,2017-05-27 18:12:25
webdnn,webdnn,mil-tokyo_webdnn,2,2017-06-09 07:38:58
ctcdecode,ctcdecode,parlance_ctcdecode,2,2017-06-15 02:40:15
gel,torchgel,jayanthkoushik_torch-gel,2,2017-06-17 11:25:30
tensorboardX,tensorboardX,lanpa_tensorboardX,2,2017-06-23 22:56:54
sflow,sflow,dade-ai_sflow,2,2017-07-03 09:39:35
pytorch_cns,pytorch-cns,awentzonline_pytorch-cns,2,2017-07-23 06:51:45
tvm,apache-tvm,dmlc_tvm,2,2017-07-30 13:37:18
trixi,trixi-slim,MIC-DKFZ_trixi,2,2017-08-07 00:42:44
torchtools,torchtools,Time1ess_torchtools,2,2017-08-09 19:06:30
tetrisrl,tetrisrl,jaybutera_tetrisRL,2,2017-08-14 02:10:40
zounds,zounds,JohnVinyard_zounds,2,2017-08-25 03:07:18
torch2coreml,torch2coreml,prisma-ai_torch2coreml,2,2017-08-30 02:51:17
studio,studioml_gpu,studioml_studio,2,2017-08-31 07:41:43
gunpowder,gunpowder,funkey_gunpowder,2,2017-09-08 00:56:19
recoder,recsys-recoder,amoussawi_recoder,2,2017-09-09 05:21:20
machina,machina-rl,DeepX-inc_machina,2,2017-09-11 06:22:13
sdtw,soft-dtw,mblondel_soft-dtw,2,2017-09-12 20:58:37
torchsru,pytorch-sru,kaniblu_pytorch-sru,2,2017-09-14 14:07:01
dipp,dipp,odlgroup_dipp,2,2017-09-18 19:56:22
tensornets,tensornets,taehoonlee_tensornets,2,2017-09-19 13:21:05
img_to_vec,img2vec-pytorch,christiansafka_img2vec,2,2017-09-21 16:33:00
detonator,detonator,jasonkriss_detonator,2,2017-09-30 07:33:51
pyross,pyrsos,cbaziotis_pyrsos,2,2017-09-30 22:56:12
sensenet,sensenet,jtoy_sensenet,2,2017-10-10 10:01:14
torchlite,ezeeml,EKami_EzeeML,2,2017-10-17 23:33:06
brine,brine-io,brine-io_brine,2,2017-10-30 11:10:55
tractseg,TractSeg,MIC-DKFZ_TractSeg,2,2017-11-06 23:03:48
dca,DCA,theislab_dca,2,2017-11-07 15:08:55
shtu_venus,shtu-venus,ShanghaiTechVENUS_venus,2,2017-11-08 19:58:24
topaz,topaz-em,tbepler_topaz,2,2017-11-09 06:38:42
pytorch2keras,pytorch2keras,nerox8664_pytorch2keras,2,2017-11-17 05:10:55
onnx_caffe2,onnx-caffe2,onnx_onnx-caffe2,2,2017-11-17 07:58:42
torchtestcase,torchtestcase,phohenecker_torch-test-case,2,2017-11-18 00:13:02
torch_stft,torch-stft,pseeth_torch-stft,2,2017-11-18 17:13:08
synaptor,synaptor,nicholasturner1_Synaptor,2,2017-12-01 06:02:25
tfi,tfi,ajbouh_tfi,2,2017-12-05 06:26:08
sef_dr,PySEF,passalis_sef,2,2017-12-06 06:14:20
nnutils_pytorch,nnutils-pytorch,jpuigcerver_nnutils,2,2017-12-10 12:00:42
tangent,tangent,google_tangent,2,2017-12-13 00:42:32
rastervision,rastervision,azavea_raster-vision,2,2017-12-15 06:29:07
chainer_cyclegan,chainer-cyclegan,wkentaro_chainer-cyclegan,2,2017-12-18 05:58:09
delfi,delfi,mackelab_delfi,2,2017-12-18 06:31:01
torch_unique,torch-unique,rusty1s_pytorch_unique,2,2018-01-09 17:50:23
photontorch,photontorch,flaport_photontorch,2,2018-01-13 04:10:12
zsvision,zsvision,albanie_zsvision,2,2018-01-14 22:21:24
oujago,oujago,oujago_oujago,2,2018-01-22 11:45:00
thop,thop,Lyken17_pytorch-OpCounter,2,2018-01-26 14:43:04
neural_wrappers,neural-wrappers,gitlab.com_mihaicristianpirvu_neural-wrappers,2,2018-01-29 17:44:46
dpplee3,dpplee3,uestcliming_Dpplee3,2,2018-01-29 22:00:50
mark_utils,mark_utils,MarkNo1_Utils,2,2018-01-30 02:55:14
hexagdly,hexagdly,ai4iacts_hexagdly,2,2018-02-06 02:39:37
ganbase,ganbase,innerlee_ganbase,2,2018-02-09 10:46:43
ganzoo,ganzoo,innerlee_ganzoo,2,2018-02-09 21:19:51
mlt,mlt,IntelAI_mlt,2,2018-02-14 09:29:30
yann,yann,michalwols_yann,2,2018-02-16 13:02:54
cifar_extender,cifar-extender,messiest_cifar-extender,2,2018-02-18 15:12:09
cnn_finetune,cnn-finetune,creafz_pytorch-cnn-finetune,2,2018-02-19 14:37:55
onnxmltools,onnxtk,onnx_onnxmltools,2,2018-02-24 03:47:05
pytorch_policy,pytorch-policy,navneet-nmk_pytorch-rl,2,2018-03-01 02:28:06
metalearn,meta-ml,cosmicBboy_ml-research,2,2018-03-05 04:14:11
nauka,nauka,obilaniu_Nauka,2,2018-03-05 11:37:55
density_forest,density_forest,CyrilWendl_SIE-Master,2,2018-03-06 21:07:09
serveit,ServeIt,rtlee9_serveit,2,2018-03-08 10:11:40
treenet,treenet,epfl-lara_treenet,2,2018-03-13 21:10:51
bink,bink,ecs-vlc_PyBink,2,2018-03-14 00:31:32
to,to,chamrc_to,2,2018-03-16 04:57:07
deephyper,deephyper,deephyper_deephyper,2,2018-03-17 05:21:08
chunkflow,chunkflow,seung-lab_chunkflow,2,2018-03-17 11:43:28
sotoxic,sotoxic,zake7749_DeepToxic,2,2018-03-23 13:34:49
kernet,kerNET,michaelshiyu_kerNET,2,2018-03-25 12:50:23
MultiRunner,MultiRunner,Statham-stone_MultiRunner,2,2018-03-26 10:16:58
eru,eru,Shawn-Shan_eru,2,2018-03-29 14:19:52
neuralnet_pytorch,neuralnet-pytorch,justanhduc_neuralnet-pytorch,2,2018-03-30 14:08:58
netharn,netharn,Erotemic_netharn,2,2018-03-31 13:53:47
hsw2v,hsw2v,timniven_w2v,2,2018-03-31 17:55:20
babar,babar,samuela_babar,2,2018-04-01 05:15:03
torchani,torchani,aiqm_torchani,2,2018-04-02 09:53:01
iceberg_penguins.search,iceberg-penguins.search,iceberg-project_Penguins,2,2018-04-03 04:04:31
scvi,scvi,YosefLab_scVI,2,2018-04-03 13:37:19
dagtasets,dagtasets,anguelos_dagtasets,2,2018-04-05 02:10:07
torch_trainer,torch-trainer,cemoody_torch_trainer,2,2018-04-09 01:20:55
symphony,symphony,SurrealAI_symphony,2,2018-04-12 02:53:09
bayestorch,bayes-torch,yiyuezhuo_bayes-torch,2,2018-04-12 14:25:41
benzina,benzina,obilaniu_Benzina,2,2018-04-21 00:58:41
neural_pipeline,neural-pipeline,toodef_neural-pipeline,2,2018-04-21 01:55:38
flutil,flutil,gitlab.com_EAVISE_flutil,2,2018-04-21 14:19:22
dgl,dgl-cu102,dmlc_dgl,2,2018-04-23 01:26:18
boxx,boxx,DIYer22_boxx,2,2018-04-24 22:19:58
nlp_pie,nlp-pie,emanjavacas_pie,2,2018-04-27 22:47:07
speaksee,speaksee,aimagelab_speaksee,2,2018-05-05 00:34:41
Adversarial_Robustness_Toolbox,Adversarial-Robustness-Toolbox,IBM_adversarial-robustness-toolbox,2,2018-05-15 00:30:38
qucumber,qucumber,PIQuIL_QuCumber,2,2018-05-15 02:57:35
torch_testing,torch-testing,the-bass_torch_testing,2,2018-05-16 12:45:42
metal,snorkel-metal,HazyResearch_metal,2,2018-05-25 13:41:45
chmp,chmp,chmp_misc-exp,2,2018-05-27 17:15:05
cleanlab,cleanlab,cgnorthcutt_cleanlab,2,2018-05-29 07:44:23
lab,backends,wesselb_lab,2,2018-05-30 19:31:26
stheno,stheno,wesselb_stheno,2,2018-05-31 23:10:11
psyneulink,psyneulink,PrincetonUniversity_PsyNeuLink,2,2018-06-02 08:22:46
simple_id,simple_id,reidmcy_simple_id,2,2018-06-03 11:42:39
pixyz,pixyz,masa-su_pixyz,2,2018-06-04 19:04:43
torch_bincount,torch-bincount,rusty1s_pytorch_bincount,2,2018-06-05 15:44:23
albumentations,albumentations,albu_albumentations,2,2018-06-06 11:14:46
pytorch_utils,pytorch-utils,rajatvd_PytorchUtils,2,2018-06-06 16:23:31
torchfusion,torchfusion,johnolafenwa_TorchFusion,2,2018-06-10 20:48:20
komorebi,komorebi,alvations_komorebi,2,2018-06-12 10:36:54
vizstack,vizstack-py,vizstack_vizstack,2,2018-06-12 13:21:35
torchext,torchext,yongjincho_torchext,2,2018-06-12 18:08:16
torchure,torchure,sorenchiron_torchfun,2,2018-06-13 16:55:04
firelab,firelab,universome_firelab,2,2018-06-14 17:34:49
kipoi_interpret,kipoi_interpret,kipoi_kipoi-interpret,2,2018-06-16 00:19:15
geomstats,geomstats,geomstats_geomstats,2,2018-06-17 07:47:00
easydl,easydl,thuml_easydl,2,2018-06-18 10:33:26
pyrieef,pyrieef,jmainpri_pyrieef,2,2018-06-19 20:12:02
rlenergy,RLenergy,tsaoyu_RLenergy,2,2018-06-20 22:50:42
pycasper,PyCasper,chahuja_pycasper,2,2018-06-21 09:13:10
nmtlab,nmtlab,zomux_nmtlab,2,2018-06-22 12:30:09
rainy,rainy,kngwyu_Rainy,2,2018-06-22 17:45:25
udnn,udnn,DimitriosBellos_UDNN,2,2018-06-22 23:28:15
efficiency,efficiency,zhijing-jin_efficiency,2,2018-06-28 02:27:25
nvfan,nvfan,magnusja_nvfan,2,2018-06-28 14:25:37
ngraph_onnx,ngraph-onnx,NervanaSystems_ngraph-onnx,2,2018-07-02 20:03:08
wbml,wbml,wesselb_wbml,2,2018-07-03 19:24:44
exprec,exprec,martno_exprec,2,2018-07-04 21:46:45
argus,pytorch-argus,lRomul_argus,2,2018-07-05 18:22:07
mltome,mltome,thomasjpfan_mltome,2,2018-07-06 03:32:45
caver,caver,guokr_Caver,2,2018-07-11 16:08:08
torchcontrib,torchcontrib,pytorch_contrib,2,2018-07-11 22:39:01
chatbot,taskbot,EvilPsyCHo_TaskBot,2,2018-07-13 18:20:21
deepwave,deepwave,ar4_deepwave,2,2018-07-14 21:50:26
simec,simec,cod3licious_simec,2,2018-07-15 02:57:10
tf2cv,tf2cv,osmr_imgclsmob,2,2018-07-16 23:58:28
shy,shy,kevin970401_shy,2,2018-07-24 14:23:45
neural_style,neural-style,ProGamerGov_neural-style-pt,2,2018-07-26 03:42:06
tixelbox,tixelbox,scanner-research_tixelbox,2,2018-07-26 11:57:14
yaps,yaps,IBM_yaps,2,2018-07-28 02:10:45
complexnn,keras-complex,JesperDramsch_keras-complex,2,2018-07-30 01:37:35
thelper,thelper,plstcharles_thelper,2,2018-07-30 07:09:15
pybnn,pybnn,automl_pybnn,2,2018-08-03 22:38:34
opt_einsum,opt-einsum,dgasmith_opt_einsum,2,2018-08-04 00:29:16
azalea,azalea,jseppanen_azalea,2,2018-08-05 18:00:53
sspipe,sspipe,sspipe_sspipe,2,2018-08-05 22:51:57
mdai,mdai,mdai_mdai-client-py,2,2018-08-09 06:05:03
mytorch,mytorch,rasbt_mytorch,2,2018-08-11 02:09:54
attn_gan_pytorch,attn-gan-pytorch,akanimax_attn_gan_pytorch,2,2018-08-11 03:50:58
kekas,kekas,belskikh_kekas,2,2018-08-13 15:02:38
pykitti,pykitti,utiasSTARS_pykitti,2,2018-08-15 05:49:32
nuclei,nuclei,yngtodd_nuclei,2,2018-08-15 11:13:52
petastorm,petastorm,uber_petastorm,2,2018-08-15 21:28:26
bird_or_bicycle,bird-or-bicycle,google_unrestricted-adversarial-examples,2,2018-08-16 04:12:33
spatial_correlation_sampler,spatial-correlation-sampler,ClementPinard_Pytorch-Correlation-extension,2,2018-08-17 18:19:54
ptflops,ptflops,sovrasov_flops-counter.pytorch,2,2018-08-21 17:58:32
easyimages,easyimages,i008_easyimages,2,2018-08-25 05:29:52
pointvision,pointvision,elliottzheng_PointVision,2,2018-08-26 09:03:19
segment,medicalsegment,yngtodd_segment,2,2018-08-29 03:24:41
qtorch,qtorch,Tiiiger_QPyTorch,2,2018-08-29 05:25:44
opencv_transforms,opencv-transforms,jbohnslav_opencv_transforms,2,2018-08-31 01:44:39
minetorch,Minetorch,louis-she_minetorch,2,2018-09-01 23:24:23
schnetpack,schnetpack,atomistic-machine-learning_schnetpack,2,2018-09-04 01:22:40
torchtuples,torchtuples,havakv_torchtuples,2,2018-09-04 23:10:15
gluoncv,gluoncv-torch,dmlc_gluon-cv,2,2018-09-05 07:57:29
easynlp,easynlp,Nrgeup_EasyNLP,2,2018-09-05 16:40:12
steganogan,steganogan,DAI-Lab_SteganoGAN,2,2018-09-08 03:06:53
neuralart,neuralart,dstein64_neuralart,2,2018-09-09 13:37:12
FastMBAR,FastMBAR,xqding_FastMBAR,2,2018-09-11 03:58:00
aif360,aif360,IBM_AIF360,2,2018-09-12 07:36:18
jdit,jdit,dingguanglei_jdit,2,2018-09-13 16:57:35
gapml,gapml,andrewferlitsch_Gap,2,2018-09-16 03:38:35
onnx,onnx-coreml,onnx_onnx-coreml,2,2018-09-16 08:06:56
torchmodels,pytorch-models,kaniblu_pytorch-models,2,2018-09-17 15:53:35
recogym,recogym,criteo-research_reco-gym,2,2018-09-18 22:52:13
torchtracer,torchtracer,OIdiotLin_torchtracer,2,2018-09-19 13:48:20
torch_dct,torch-dct,zh217_torch-dct,2,2018-09-21 01:15:11
tensor4,tensor4,podgorskiy_tensor4,2,2018-09-22 09:27:01
deeplodocus,Deeplodocus,Deeplodocus_deeplodocus,2,2018-09-22 21:38:29
tensorop,tensorop,prajjwal1_tensorop,2,2018-09-24 02:10:15
torchgan,torchgan,torchgan_torchgan,2,2018-09-24 03:56:26
garf,garf,dsarrut_garf,2,2018-09-25 14:55:59
edflow,edflow-test,pesser_edflow,2,2018-09-26 01:28:28
indexedconv,IndexedConv,IndexedConv_IndexedConv,2,2018-09-26 22:08:16
torch_baidu_ctc,torch-baidu-ctc,jpuigcerver_pytorch-baidu-ctc,2,2018-09-30 11:08:05
lightner,LightNER,LiyuanLucasLiu_LightNER,2,2018-10-02 10:27:51
mpc,mpc,locuslab_mpc.pytorch,2,2018-10-02 23:46:54
molecules,molecules,yngtodd_molecules,2,2018-10-05 02:05:28
torch_text_classifier,torch-text-classifier,infinity-future_torch-text-classifier,2,2018-10-05 05:42:33
nonechucks,nonechucks,msamogh_nonechucks,2,2018-10-05 16:48:08
ganutils,ganutils,Michael-Tu_ganutils,2,2018-10-06 11:03:59
lagomorph,lagomorph,jacobhinkle_lagomorph,2,2018-10-08 10:07:48
bilm,bilm,allenai_bilm-tf,2,2018-10-08 21:48:56
chariot,chariot,chakki-works_chariot,2,2018-10-08 22:49:08
irl_benchmark,irl-benchmark,JohannesHeidecke_irl-benchmark,2,2018-10-10 06:45:52
libskynet,libskynet-cudnn,Tyill_skynet,2,2018-10-14 23:08:38
rulm,rulm,IlyaGusev_rulm,2,2018-10-15 03:21:35
fdtd,fdtd,flaport_fdtd,2,2018-10-15 15:53:50
emukit,emukit,amzn_emukit,2,2018-10-15 19:14:45
faster_particles,faster-particles,Temigo_faster-particles,2,2018-10-16 09:40:48
grace_t,grace_t,daiwk_grace_t,2,2018-10-18 02:36:30
uisrnn,uisrnn,google_uis-rnn,2,2018-10-18 03:22:20
scale,scale-atac,jsxlei_SCALE,2,2018-10-19 15:29:08
t2t,ukuxhumana,LauraMartinus_ukuxhumana,2,2018-10-20 01:59:08
gpu_utils,gpu-utils,neighthan_gpu-utils,2,2018-10-23 05:19:29
genderperformr,genderperformr,zijwang_genderperformr,2,2018-10-23 09:58:39
dawnet,Dawnet,johntd54_dawnet,2,2018-10-24 23:03:41
hyperpoints,hyperpoints,yngtodd_hyperpoints,2,2018-10-25 00:00:15
tsalib,tsalib,ofnote_tsalib,2,2018-10-25 17:12:04
torchsnn,torchsnn,galatolofederico_torchsnn,2,2018-10-26 07:12:37
torchstat,torchstat,Swall0w_torchstat,2,2018-10-27 11:00:13
pyturbo,pyturbo,aikudexiaohai_pyturbo,2,2018-10-29 14:24:10
maskflow,maskflow,hadim_maskflow,2,2018-10-30 04:03:48
gluon2pytorch,gluon2pytorch,nerox8664_gluon2pytorch,2,2018-10-30 19:29:40
adafdr,adafdr,martinjzhang_adafdr,2,2018-10-31 03:34:44
gptorch,gptorch,cics-nd_gptorch,2,2018-11-05 02:10:57
mp,mp,kerryeon_mp,2,2018-11-05 19:33:03
ml_descriptor,ml-descriptor,ColinQiyangLi_ml-descriptor,2,2018-11-05 23:17:52
qcengine,qcengine,MolSSI_QCEngine,2,2018-11-06 03:23:18
erdos,erdos,erdos-project_erdos,2,2018-11-06 04:47:29
twaml,twaml,drdavis_twaml,2,2018-11-06 05:11:00
GaborNet,GaborNet,iKintosh_GaborNet,2,2018-11-06 21:59:39
geoopt,geoopt,geoopt_geoopt,2,2018-11-08 01:28:51
torchex,torchex,0h-n0_torchex,2,2018-11-08 17:25:36
rasa_nlu_gao,rasa-nlu-gao,GaoQ1_rasa_nlu_gq,2,2018-11-08 17:40:42
piro,piro,roodry67_piro,2,2018-11-09 00:32:38
alfred,alfred-py,jinfagang_alfred,2,2018-11-09 09:51:07
bopt,bopt,darthdeus_bopt,2,2018-11-12 08:12:04
pyflor,pyflor,ucbrise_flor,2,2018-11-12 12:57:54
psemodel,psemodel,andrijdavid_Psemodel,2,2018-11-12 19:38:52
ocrd_typegroups_classifier,ocrd-typegroups-classifier,seuretm_ocrd_typegroups_classifier,2,2018-11-12 22:46:25
deep_eos,deep-eos,stefan-it_deep_eos,2,2018-11-13 21:59:49
tatau,tatau,TatauCloud_tatau,2,2018-11-16 23:32:21
gluoncv2,imgsegmob,nerox8664_gluon2keras,2,2018-11-17 18:24:05
euclides,euclides,perone_euclidesdb,2,2018-11-19 00:54:52
torch_lr_finder,torch-lr-finder,davidtvs_pytorch-lr-finder,2,2018-11-21 04:25:32
gcgc,gcgc,tshauck_gcgc,2,2018-11-23 03:50:58
synapses,synapses,AlliedToasters_synapses,2,2018-11-24 08:24:16
esper,esper-video,scanner-research_esper,2,2018-11-24 14:52:52
deer,deer,VinF_deer,2,2018-11-25 01:44:14
backpack,backpack-for-pytorch,f-dangel_backpack,2,2018-11-26 19:16:52
mxnet,mxnet-cu102mkl,dmlc_gluon-nlp,2,2018-11-26 20:32:27
ethicml,EthicML,predictive-analytics-lab_EthicML,2,2018-11-26 22:50:52
iScore,iScore,DeepRank_iScore,2,2018-11-27 01:09:10
ADMCode,ADMCode,CoAxLab_AdaptiveDecisionMaking_2018,2,2018-11-30 01:40:20
all,autonomous-learning-library,cpnota_autonomous-learning-library,2,2018-11-30 05:09:58
nokcut,nokcut,wannaphongcom_NokCut,2,2018-11-30 14:34:28
autoPyTorch,autoPyTorch,automl_Auto-PyTorch,2,2018-11-30 22:30:00
infirun,infirun,zh217_infirun,2,2018-11-30 23:08:44
cherry,cherry-rl,learnables_cherry,2,2018-12-01 03:04:15
olympic,olympic,oscarknagg_olympic-pytorch,2,2018-12-01 03:44:11
gym_xmoto,gym-xmoto,louis030195_xmoto-gym,2,2018-12-02 17:25:47
einindex,einindex,malmaud_einindex,2,2018-12-03 07:00:00
macad_gym,macad-gym,praveen-palanisamy_macad-gym,2,2018-12-07 19:53:54
pyveda,pyveda,DigitalGlobe_pyveda,2,2018-12-08 06:49:04
dnnnlp,dnnnlp,NUSTM_pytorch-dnnnlp,2,2018-12-08 19:42:56
jax,jax,google_jax,2,2018-12-08 22:23:29
binarybrain,binarybrain,ryuz_BinaryBrain,2,2018-12-09 18:25:05
delira,delira,delira-dev_delira,2,2018-12-11 23:56:10
rlib,rlib,MarcioPorto_rlib,2,2018-12-13 10:52:21
overboard,overboard,jotaf98_overboard,2,2018-12-14 02:38:38
managpu,gpu-control,DogfishBone_GpuManager,2,2018-12-14 23:14:36
torchrecord,torchrecord,GeoffreyChen777_TorchRecord,2,2018-12-16 15:49:16
torchtable,torchtable,keitakurita_torchtable,2,2018-12-18 07:59:37
skl2onnx,skl2onnx,onnx_sklearn-onnx,2,2018-12-19 02:27:57
light_text_classification,light-text-classification,classtag_light-text-classification,2,2018-12-19 14:46:14
sep_eval,sep-eval,Enny1991_sep_eval,2,2018-12-20 00:35:15
pystreamfs,pystreamfs,haugjo_pystreamfs,2,2018-12-20 20:08:10
natlang,natlang,jeticg_datatool,2,2018-12-20 20:45:25
torchwrapper,torchwrapper,gitlab.com_jaymorgan_torchwrapper,2,2018-12-21 21:39:52
caffe2_for_lambda,caffe2-for-lambda,shibatanaoto_caffe2-for-lambda,2,2018-12-23 17:47:29
torchvideo,torchvideo,willprice_torchvideo,2,2018-12-27 02:39:09
toolbox_02450,ml02450,thomasnilsson_ml02450,2,2018-12-29 10:36:27
namedtensor,namedtensor,harvardnlp_NamedTensor,2,2019-01-02 09:18:26
vltools,vltools,vltools_vltools,2,2019-01-02 21:13:30
deep500,deep500,deep500_deep500,2,2019-01-02 23:28:46
mlchem,mlchem,muammar_mlchem,2,2019-01-03 08:33:16
pttagger,pttagger,jun-harashima_pttagger,2,2019-01-03 18:55:54
antu,antu,AntNLP_antu,2,2019-01-03 21:58:35
beamformers,beamformers,Enny1991_beamformers,2,2019-01-03 22:49:41
kalman_estimation,kalman-estimation,AutuanLiu_Kalman-Filter,2,2019-01-04 11:32:05
regim,regim,sytelus_regim,2,2019-01-04 13:36:35
finntk,finntk,frankier_finntk,2,2019-01-05 02:52:52
maskrcnn,maskrcnn,quanhua92_maskrcnn-pytorch,2,2019-01-07 18:51:46
pytorch_stateful_lstm,pytorch-stateful-lstm,cnt-dev_pytorch-stateful-lstm,2,2019-01-07 23:20:55
neurartist,neurartist,gjorando_style-transfer,2,2019-01-09 04:38:33
qhoptim,qhoptim,facebookresearch_qhoptim,2,2019-01-09 08:04:08
alphazerogeneral,alphazerogeneral,dccxx_pip,2,2019-01-12 17:21:19
brancher,brancher,LucaAmbrogioni_Brancher,2,2019-01-14 01:05:52
torchsm,torchsm,galatolofederico_torchsm,2,2019-01-15 02:07:31
byu_auvsi_imaging_client,byu-auvsi-imaging-client,BYU-AUVSI_imaging,2,2019-01-15 23:33:33
muscledagents,muscledagents,iandanforth_muscledagents,2,2019-01-16 08:42:15
torchreinforce,torchreinforce,galatolofederico_torchreinforce,2,2019-01-18 08:49:07
njuner,njuner,ericput_bert-ner,2,2019-01-19 23:36:07
kismet,kismet,autochthe_kismet-py,2,2019-01-21 13:51:48
xml2pytorch,xml2pytorch,yfzhoucs_xml2pytorch,2,2019-01-22 17:22:10
natthaphon,natthaphon,DableUTeeF_pytorch_api,2,2019-01-24 16:40:35
hutil,pytorch-hrvvi-ext,sbl1996_pytorch-hrvvi-ext,2,2019-01-24 19:22:57
text2array,text2array,kmkurn_text2array,2,2019-01-26 10:01:26
torchfly,TorchFly,qywu_TorchFly,2,2019-01-30 09:08:03
pytorch_fast_elmo,pytorch-fast-elmo,cnt-dev_pytorch-fast-elmo,2,2019-01-30 23:25:00
funsor,funsor,pyro-ppl_funsor,2,2019-01-31 07:11:35
jhu_primitives,jhu-primitives,neurodata_primitives-interfaces,2,2019-02-01 04:19:53
treelstm,pytorch-tree-lstm,unbounce_pytorch-tree-lstm,2,2019-02-01 07:45:55
pytorch_complex_tensor,pytorch-complex-tensor,williamFalcon_pytorch-complex-tensor,2,2019-02-01 12:22:35
timm,timm,rwightman_pytorch-image-models,2,2019-02-02 13:48:56
dlmslib,dlmslib,KeyiT_dlmslib,2,2019-02-04 14:08:43
traja,traja,justinshenk_traja,2,2019-02-05 00:15:16
detection_utils,detection-utils,davidmascharka_detection-utils,2,2019-02-05 04:53:39
cosmos,cosmostables,UW-COSMOS_Cosmos,2,2019-02-06 07:19:02
varz,varz,wesselb_varz,2,2019-02-06 07:29:01
torch_ext,pytorch-ext,AlbertoCenzato_pytorch_ext,2,2019-02-06 19:14:38
PokerRL,PokerRL,TinkeringCode_PokerRL,2,2019-02-07 04:02:42
pennylane,PennyLane,XanaduAI_pennylane,2,2019-02-08 08:22:25
pthflops,pthflops,1adrianb_pytorch-estimate-flops,2,2019-02-09 08:57:04
scene_text,scene-text,gtsoukas_scene_text,2,2019-02-11 05:33:41
bretschneideri,Bretschneideri,notcome_bretschneideri,2,2019-02-11 09:35:38
scene,scene,yngtodd_scene,2,2019-02-12 04:39:54
modelfeast,modelfeast,daili0015_ModelFeast,2,2019-02-12 20:38:21
wavetorch,wavetorch,fancompute_wavetorch,2,2019-02-13 05:26:12
autoencoder,autoencoder,IljaManakov_ConvolutionalAutoencoderToolkit,2,2019-02-13 21:42:25
trainer,pt-trainer,IljaManakov_PyTorch-Trainer,2,2019-02-13 22:27:32
gpar,gpar,wesselb_gpar,2,2019-02-14 03:02:27
htuneml,htuneml,johnsmithm_htuneml,2,2019-02-15 00:30:38
sisua,sisua,trungnt13_sisua,2,2019-02-15 07:44:29
complexcnn,complexcnn,litcoderr_ComplexCNN,2,2019-02-15 17:12:22
torch_multi_head_attention,torch-multi-head-attention,CyberZHG_torch-multi-head-attention,2,2019-02-16 20:57:27
torch_layer_normalization,torch-layer-normalization,CyberZHG_torch-layer-normalization,2,2019-02-16 21:56:20
cdqa,cdqa,cdqa-suite_cdQA,2,2019-02-17 19:14:32
clearumor,clearumor,Institute-Web-Science-and-Technologies_CLEARumor,2,2019-02-18 05:54:39
seisnn,SeisNN,jimmy60504_SeisNN,2,2019-02-18 07:09:19
torch_embed_sim,torch-embed-sim,CyberZHG_torch-embed-sim,2,2019-02-21 08:16:47
projected_sinkhorn,projected-sinkhorn,locuslab_projected_sinkhorn,2,2019-02-22 07:49:16
hdeeprm,hdeeprm,RaMdsC_hdeeprm,2,2019-02-22 23:07:10
mlvajra,mlvajra,rajagurunath_mlvajra,2,2019-02-23 01:08:02
torch_gpt_2,torch-gpt-2,CyberZHG_torch-gpt-2,2,2019-02-24 10:59:31
torch_transformer,torch-transformer,CyberZHG_torch-transformer,2,2019-02-24 12:55:09
rllite,rllite,ZJU-RL_rllite,2,2019-02-25 21:21:11
lineflow,lineflow,yasufumy_lineflow,2,2019-02-25 21:32:55
dlutils,dlutils,podgorskiy_dlutils,2,2019-02-26 19:52:40
claf,claf,naver_claf,2,2019-02-27 13:31:22
keras_adabound,keras-adabound,CyberZHG_keras-adabound,2,2019-02-28 20:32:35
torchcluster,torchcluster,tczhangzhi_cluster,2,2019-02-28 21:15:45
opytimizer,opytimizer,gugarosa_opytimizer,2,2019-03-01 06:09:33
nlpblock,nlpblock,graykode_nlpblock,2,2019-03-01 21:14:11
segmentation_models_pytorch,segmentation-models-pytorch,qubvel_segmentation_models.pytorch,2,2019-03-02 00:24:32
torch_position_embedding,torch-position-embedding,CyberZHG_torch-position-embedding,2,2019-03-03 07:31:41
spanish_chatbot,spanish-chatbot,Rvbens_Chatbot-en-Espanol,2,2019-03-04 04:35:50
sigpy,sigpy,mikgroup_sigpy,2,2019-03-04 13:14:01
torch_layers,torch-layers,justusschock_torch_layers,2,2019-03-04 16:58:16
modelsummary,modelsummary,graykode_modelsummary,2,2019-03-04 22:57:42
medvision,medvision,kyle0x54_medvision,2,2019-03-05 16:28:40
p2j,p2j,raibosome_python2jupyter,2,2019-03-05 21:21:43
torchwisdom,torchwisdom,nunenuh_torchwisdom,2,2019-03-07 04:25:59
russ,russ,IlyaGusev_russ,2,2019-03-07 07:19:39
torch_model_loader,box-box,FebruaryBreeze_box,2,2019-03-07 15:03:18
sdgym,sdgym,DAI-Lab_SDGym,2,2019-03-08 03:39:48
gradio,gradio,abidlabs_gradio,2,2019-03-08 05:53:34
datacleanbot,datacleanbot,Ji-Zhang_datacleanbot,2,2019-03-08 17:13:52
bidcap,bidcap,wwwbbb8510_bidcap,2,2019-03-11 12:10:28
openpifpaf,openpifpafwebdemo,vita-epfl_openpifpafwebdemo,2,2019-03-13 18:27:41
flame,torch-flame,chenyaofo_flame,2,2019-03-13 21:49:14
delphi,delphi,ml4ai_delphi,2,2019-03-14 00:24:01
microcosm_sagemaker,microcosm-sagemaker,globality-corp_microcosm-sagemaker,2,2019-03-14 06:22:38
debobo,debobo,dseuss_debobo,2,2019-03-14 14:08:15
moa,python-moa,Quansight-Labs_python-moa,2,2019-03-15 12:13:32
pyrobolearn,pyrobolearn,robotlearn_pyrobolearn,2,2019-03-16 08:14:46
pycandle,pycandle,cschoeller_pycandle,2,2019-03-17 00:17:55
loss_landscapes,loss-landscapes,marcellodebernardi_loss-landscapes,2,2019-03-17 20:28:34
kubeflow,netease-kubeflow-fairing,kubeflow_fairing,2,2019-03-19 23:55:32
pyshac,pyshac,titu1994_pyshac,2,2019-03-21 13:45:54
flashtorch,flashtorch,MisaOgura_flashtorch,2,2019-03-22 21:09:06
Cell_BLAST,Cell-BLAST,gao-lab_Cell_BLAST,2,2019-03-23 23:43:55
flerken,flerken-nightly,JuanFMontesinos_flerken,2,2019-03-26 01:57:01
plasso,plasso,arose13_PliableLasso,2,2019-03-26 04:19:44
tramway,tramway,DecBayComp_TRamWAy,2,2019-03-26 18:47:41
lightkg,lightKG,smilelight_lightKG,2,2019-03-26 22:33:23
torch_parameter_groups,torch-parameter-groups,FebruaryBreeze_torch-parameter-groups,2,2019-03-31 00:04:22
nn_builder,nn-builder,p-christ_nn_builder,2,2019-03-31 00:33:57
pytorch_lightning,pytorch-lightning,williamFalcon_pytorch-lightning,2,2019-03-31 08:50:32
fastai_sparse,fastai-sparse,goodok_fastai_sparse,2,2019-04-01 05:59:05
dlex,dlex,trungd_dlex,2,2019-04-01 10:08:10
pyvacy,pyvacy,ChrisWaites_pyvacy,2,2019-04-01 10:48:55
fret,fret,yxonic_fret,2,2019-04-02 01:29:13
bentoml,BentoML-kube,bentoml_BentoML,2,2019-04-02 09:50:54
torch_lr_scheduler,torch-lr-scheduler,FebruaryBreeze_torch-lr-scheduler,2,2019-04-03 16:12:10
torchfuel,torchfuel,vturrisi_torchfuel,2,2019-04-04 04:36:48
pytorch_categorical,pytorch-categorical,enewe101_pytorch-categorical,2,2019-04-04 05:22:21
d3dshot,D3DShot,SerpentAI_D3DShot,2,2019-04-05 00:14:41
nnest,nnest,adammoss_nnest,2,2019-04-05 21:55:04
torille,torille,Miffyli_ToriLLE,2,2019-04-05 23:00:12
mypackcrazyj,mypackcrazyj,crazyj7_python,2,2019-04-06 22:36:05
hexfarm,hexfarm,bhgomes_hexfarm,2,2019-04-09 04:58:38
yews,yews,lijunzh_yews,2,2019-04-09 09:34:40
torch_model_state,torch-model-state,FebruaryBreeze_torch-model-state,2,2019-04-10 16:28:25
mag1c,mag1c,markusfoote_mag1c,2,2019-04-11 02:05:26
torch_utils,torch-utils,FebruaryBreeze_torch-utils,2,2019-04-11 11:28:42
barbar,barbar,yusugomori_barbar,2,2019-04-11 12:40:37
mydl,myDL,jimmybow_myDL,2,2019-04-11 18:35:36
numpyro,numpyro,pyro-ppl_numpyro,2,2019-04-12 07:26:00
blazee,blazee,blazee-io_blazee-python,2,2019-04-12 19:19:29
redisai,redisai,RedisAI_redisai-py,2,2019-04-13 21:26:14
arquolo_ort,ort,arquolo_ort,2,2019-04-15 23:53:56
innvestigate,innvestigate,albermax_innvestigate,2,2019-04-16 20:34:53
lightwood,lightwood,mindsdb_lightwood,2,2019-04-17 00:28:13
pytorch_msssim,pytorch-msssim,VainF_pytorch-msssim,2,2019-04-18 22:49:47
artificery,artificery,supersergiy_artificery,2,2019-04-19 05:50:27
solaris,solaris,CosmiQ_solaris,2,2019-04-19 23:51:38
bert_score,bert-score,Tiiiger_bert_score,2,2019-04-20 23:04:58
torchattacks,torchattacks,HarryK24_adversairal-attacks-pytorch,2,2019-04-22 22:15:11
fast_bert,fast-bert,kaushaltrivedi_fast-bert,2,2019-04-23 21:00:56
kondo,kondo,activatedgeek_kondo,2,2019-04-25 05:30:24
diego,diego,lai-bluejay_diego,2,2019-04-25 23:23:42
bonsai,super-convergence,ItamarWilf_pytorch-bonsai,2,2019-04-26 00:38:46
natas,natas,mikahama_natas,2,2019-04-29 04:47:46
toeicbert,toeicbert,graykode_toeicbert,2,2019-04-30 02:23:39
warg,Warg,aivclab_warg,2,2019-04-30 05:07:09
pytorchfi,pytorchfi,pytorchfi_pytorchfi,2,2019-04-30 14:38:43
iranlowo,iranlowo,Niger-Volta-LTI_iranlowo,2,2019-05-01 13:16:19
octconv,octconv,braincreators_octconv,2,2019-05-01 19:52:17
torchfusion_utils,torchfusion-utils,johnolafenwa_TorchFusion-Utils,2,2019-05-03 06:30:44
libcrap,libcrap,bitbucket.org_nemelex_libcrap,2,2019-05-07 01:37:01
k_torch,k-torch,daroodar_k_torch,2,2019-05-07 17:42:00
vgg_named,pytorch-vgg-named,black-puppydog_pytorch_vgg_named,2,2019-05-07 20:41:29
icv,icv,dmxj_icv,2,2019-05-07 20:57:18
m3inference,m3inference,euagendas_m3inference,2,2019-05-08 06:23:25
torchagent,torchagent,wmeints_torchagent,2,2019-05-08 06:52:01
maskrcnn_utils,maskrcnn-utils,iHateTa11B0y_CROIUtils,2,2019-05-08 10:59:25
plasp,plasp,VivienCabannes_plasp,2,2019-05-08 21:46:02
.classify_eye,omniart-eye-classifier,rogierknoester_omniart_eye_classifier,2,2019-05-08 22:41:43
ardent,ardent,neurodata_ardent,2,2019-05-09 23:19:39
sciwing,sciwing,abhinavkashyap_sciwing,2,2019-05-13 12:23:53
neurophox,neurophox,solgaardlab_neurophox,2,2019-05-14 11:47:04
omniart_eye_generator,omniart-eye-generator,rogierknoester_omniart_eye_generator,2,2019-05-14 19:27:58
vision_utils,vision_utils-0.1.1,rosenfeldamir_vision_utils,2,2019-05-14 23:25:36
deeppipeline,deep-pipeline,lext_deep-pipeline,2,2019-05-15 05:13:45
kaggle-buddy,kagglebuddy,NickYi1990_kaggleBuddy,2,2019-05-16 11:36:13
gin,gin-config,google_gin-config,2,2019-05-16 23:07:13
msnc,msnc,jun-harashima_msnc,2,2019-05-18 20:09:24
torchpwl,torchpwl,PiotrDabkowski_torchpwl,2,2019-05-19 00:29:02
deepl_toolkit,deepl-toolkit,rs9000_deepl_toolkit,2,2019-05-20 17:30:45
perisim,perisim,stokesresearchgroup_perisim,2,2019-05-20 21:41:30
satnet,satnet,locuslab_SATNet,2,2019-05-21 23:27:51
smplpytorch,smplpytorch,gulvarol_smplpytorch,2,2019-05-23 00:03:53
app,vizir,VincSP_Vizir,2,2019-05-23 04:32:00
audio_synch_tool,audio-synch-tool,andres-fr_audio-synch-tool,2,2019-05-23 11:03:16
pailab,pailab,pailabteam_pailab,2,2019-05-23 16:21:37
pytorchcheckpoint,pytorchcheckpoint,bomri_pytorch-checkpoint,2,2019-05-23 22:51:11
facenet_pytorch,facenet-pytorch,timesler_facenet-pytorch,2,2019-05-24 15:43:32
deepcompressor,deepcompressor,Murthy1999_CS294-082,2,2019-05-24 22:09:27
pytorch_memlab,pytorch-memlab,Stonesjtu_pytorch_memlab,2,2019-05-25 06:38:01
pathflowai,pathflowai,jlevy44_PathFlowAI,2,2019-05-28 01:33:15
torchsnooper,TorchSnooper,zasdfgbnm_TorchSnooper,2,2019-05-29 03:32:43
spaghettini,spaghettini,ColinQiyangLi_spaghetti,2,2019-05-29 12:11:17
nntoolbox,nn-toolbox-nhatsmrt,nhatsmrt_nn-toolbox,2,2019-05-29 12:24:13
animalai,animalai-train,beyretb_AnimalAI-Olympics,2,2019-05-29 14:32:38
swats,pytorch-swats,Mrpatekful_swats,2,2019-05-30 22:02:14
ultimatelabeling,ultimatelabeling,alexandre01_UltimateLabeling,2,2019-05-31 09:19:51
pytorch_zoo,pytorch-zoo,bkahn-github_pytorch_zoo,2,2019-05-31 10:58:51
tvmodels,tvmodels,rohitgr7_tvmodels,2,2019-06-01 03:37:40
pytorchtrainer,pytorchtrainer,benoitmartin88_pytorchtrainer,2,2019-06-04 21:31:46
torchbearer,torchbearer-variational,pytorchbearer_variational,2,2019-06-05 17:34:21
fandak,fandak,yassersouri_fandak,2,2019-06-05 22:26:06
py_irt,py-irt,jplalor_py-irt,2,2019-06-06 02:51:45
geyser,geyser,yuezhihan_geyser,2,2019-06-06 23:42:32
image_classification,image-classification,sanchit2843_image_classification,2,2019-06-07 16:19:57
learnergy,recogners,recogna-lab_recogners,2,2019-06-08 02:48:08
trains,trains,allegroai_trains,2,2019-06-11 01:00:28
efficientunet,efficientunet-pytorch,zhoudaxia233_EfficientUnet-PyTorch,2,2019-06-13 02:01:44
revtorch,revtorch,RobinBruegger_RevTorch,2,2019-06-13 18:30:39
onn,onn,alison-carrera_onn,2,2019-06-14 01:15:28
pastiche,pastiche,dstein64_pastiche,2,2019-06-15 12:38:05
importutils,importutils,dattran2346_importutils,2,2019-06-19 18:44:39
mll,mll,riccardobernardi_MLL-machine-learning-language,2,2019-06-20 17:02:58
onnx2keras,onnx2keras,nerox8664_onnx2keras,2,2019-06-22 00:40:43
xrft,xrft,xgcm_xrft,2,2019-06-22 05:37:24
youchoose,youchoose,csmithchicago_YouChoose,2,2019-06-22 06:19:00
keras_transformer_xl,keras-transformer-xl,CyberZHG_keras-transformer-xl,2,2019-06-25 11:57:22
ktorch,ktorch,sallamander_ktorch,2,2019-06-28 01:23:42
rge,Refrence-Engine,cocolab-projects_reference-game-exploration,2,2019-06-28 04:15:27
legos,legos.ai,quanhua92_legos,2,2019-07-04 18:41:50
torchprof,torchprof,awwong1_torchprof,2,2019-07-05 06:25:34
highresnet,highresnet,fepegar_highresnet,2,2019-07-05 18:06:40
zensols,zensols.dltools,plandes_dltools,2,2019-07-08 06:52:21
pyvww,pyvww,Mxbonn_visualwakewords,2,2019-07-08 19:44:30
glow,PyGlow,spino17_PyGlow,2,2019-07-09 20:57:24
skeltorch,skeltorch,davidalvarezdlt_skeltorch,2,2019-07-09 21:37:44
evograd,evograd,uber-research_EvoGrad,2,2019-07-10 01:56:52
cvtoolss,cvtoolss,gfjiangly_cvtools,2,2019-07-10 17:02:59
cryomethods,scipion-em-cryomethods,mcgill-femr_scipion-em-cryomethods,2,2019-07-11 03:46:00
analitico,analitico,analitico_analitico-sdk,2,2019-07-11 19:55:25
danspeech,danspeech,danspeech_danspeech,2,2019-07-11 20:17:17
pystencils,pystencils-autodiff,theHamsta_pystencils_autodiff,2,2019-07-11 21:04:01
ml2rt,ml2rt,hhsecond_ml2rt,2,2019-07-11 21:48:28
ceml,ceml,andreArtelt_ceml,2,2019-07-11 22:08:20
zb,zb,zengbin93_zb,2,2019-07-12 19:56:13
chatspace,chatspace,pingpong-ai_chatspace,2,2019-07-12 21:39:24
atalaya,atalaya,jacr13_Atalaya,2,2019-07-12 21:44:11
algorithm_toolkit,algorithm-toolkit,BeamIO-Inc_algorithm_toolkit,2,2019-07-12 22:55:09
lightex,lightex,ofnote_lightex,2,2019-07-15 01:39:28
fiesta,fiesta-nlp,apmoore1_fiesta,2,2019-07-15 05:50:37
hdface,hdface,hanson-young_hdface,2,2019-07-15 12:05:39
pydens,pydens,analysiscenter_pydens,2,2019-07-16 23:33:15
mcqa,mcqa,mcQA-suite_mcQA,2,2019-07-17 20:41:18
pierogi,pierogi,nalepae_pierogi,2,2019-07-18 17:58:32
embedding_as_service,embedding-as-service-client,amansrivastava17_embedding-as-service,2,2019-07-22 18:32:20
torch_intermediate_layer_getter,torch-intermediate-layer-getter,sebamenabar_Pytorch-IntermediateLayerGetter,2,2019-07-23 00:22:13
semantic_text_similarity,semantic-text-similarity,AndriyMulyar_semantic-text-similarity,2,2019-07-23 04:10:49
chipgr8,chipgr8,awiggs_chip-gr8,2,2019-07-23 06:13:29
datastore,bsec_datastore,yngtodd_datastore,2,2019-07-24 01:49:35
laserembeddings,laserembeddings,yannvgn_laserembeddings,2,2019-07-24 03:58:02
tfencoder,tfencoder,guocheng2018_transformer-encoder,2,2019-07-24 13:55:16
segmentify,segmentify,transformify-plugins_segmentify,2,2019-07-25 06:55:27
aapackage,autoscaleaws,arita37_cli_code,2,2019-07-25 17:54:21
tamnun,tamnun,hiredscorelabs_tamnun-ml,2,2019-07-25 17:54:25
sjaandi,sjaandi,pechyonkin_sjaandi,2,2019-07-25 21:14:16
ForesightPy,ForesightPy,msc-acse_acse-9-independent-research-project-OliverJBoom,2,2019-07-27 00:17:45
dopamine,dopamine-rl,google_dopamine,2,2019-07-27 03:32:17
warp_rnnt,warp-rnnt,1ytic_warp-rnnt,2,2019-07-27 14:52:26
classmail,classmail,Fabien-Couthouis_ClassMail,2,2019-08-01 22:34:27
deepgen,deepgen,vndee_deepgen,2,2019-08-02 17:16:19
res_facenet,facenet-khairulimam,khrlimam_res-facenet,2,2019-08-03 15:03:03
py_config_runner,py-config-runner,vfdev-5_py_config_runner,2,2019-08-04 06:15:28
selfies,selfies,aspuru-guzik-group_selfies,2,2019-08-04 11:01:14
torchctr,TorchCTR,guokr_TorchCTR,2,2019-08-05 16:47:27
glassbeads,glassbeads,methdio_glassbeads,2,2019-08-06 06:14:24
ailab,ailab,penguinmenac3_ailab,2,2019-08-07 04:03:14
cox,cox,MadryLab_cox,2,2019-08-08 15:34:47
spatial_ops,spatial-ops,DerThorsten_spatial_ops,2,2019-08-08 20:49:55
learn2learn,learn2learn,learnables_learn2learn,2,2019-08-09 03:40:55
pkbar,pkbar,yueyericardo_pkbar,2,2019-08-10 00:38:27
hypertuner,hypertuner,hypertuner_hypertuner-pythonlib,2,2019-08-10 08:46:25
warp_rna,warp-rna,1ytic_warp-rna,2,2019-08-11 16:15:39
torchspn,torchspn,steven-lang_torchspn,2,2019-08-12 19:19:41
buzzard,buzzard,airware_buzzard,2,2019-08-12 23:22:24
torchtrainer,torchtrainer,VictorKuenstler_torchtrainer,2,2019-08-16 23:47:35
keras_radam,tensorflow-radam,CyberZHG_keras-radam,2,2019-08-17 00:49:27
pyriad,pyriad,Catastropha_pyriad,2,2019-08-17 14:53:54
ignis,ignis,Catastropha_ignis,2,2019-08-18 05:46:20
pysyrenn,pysyrenn,95616ARG_SyReNN,2,2019-08-20 05:05:26
novograd,novograd,convergence-lab_novograd,2,2019-08-21 07:49:33
kerasmodels,kerasmodels,kevin970401_keras-pretrainedmodels,2,2019-08-21 18:23:31
segmentation_pipeline,segmentation-pipeline,musket-ml_segmentation_training_pipeline,2,2019-08-21 18:35:05
advex_uar,advex-uar,ddkang_advex-uar,2,2019-08-22 07:59:54
configtune,configtune,orionw_configtune,2,2019-08-22 09:13:11
augmentation,augmentation,JorisRoels_augmentation,2,2019-08-22 19:11:59
module_tracker,module-tracker,jeongukjae_module-tracker.py,2,2019-08-23 01:58:38
alibaba_suanfa,alibaba-suanfa,lxgithub24_leetcode,2,2019-08-23 20:34:43
hmdata,hmdata,YIN95_Human-Data-Utils,2,2019-08-28 16:58:48
torch_inspect,torch-inspect,jettify_pytorch-inspect,2,2019-08-29 12:08:29
xt_cvdata,xt-cvdata,XtractTech_xt-cvdata,2,2019-08-31 07:21:30
balautil,balautil,balaprasanna_balautil,2,2019-09-03 11:16:17
snips_nlu,snips-nlu,snipsco_snips-nlu,2,2019-09-04 15:34:43
fastax,fastax,joaogui1_fastax,2,2019-09-05 05:40:46
hypothesis,hypothesis-gufunc,uber_hypothesis-gufunc,2,2019-09-06 04:44:51
seqvec,seqvec,Rostlab_SeqVec,2,2019-09-07 21:32:03
SpeedTorch,SpeedTorch,Santosh-Gupta_SpeedTorch,2,2019-09-08 03:20:38
ctgan,ctgan,DAI-Lab_CTGAN,2,2019-09-09 04:50:27
rarog,rarog,ikhlestov_rarog,2,2019-09-13 06:22:25
torchray,torchray,facebookresearch_TorchRay,2,2019-09-14 18:07:51
reaction,reaction,catalyst-team_reaction,2,2019-09-15 00:14:04
brontes,brontes,PhosphorylatedRabbits_brontes,2,2019-09-16 21:45:33
rectifai,rectif-ai,Sushil-Thapa_PyTorch-Hackathon-2019,2,2019-09-17 03:55:58
leibniz,leibniz,caiyunapp_leibniz,2,2019-09-18 12:43:24
pypytorch,pypytorch,dark-ai_pypytorch,2,2019-09-19 08:49:07
agnes,agnes,rotinov_AGNES,2,2019-09-21 03:33:28
lyft_dataset_sdk,lyft-dataset-sdk,lyft_nuscenes-devkit,2,2019-09-24 00:27:35
dlcliche,dl-cliche,daisukelab_dl-cliche,2,2019-09-25 14:25:31
tsanley,tsanley,ofnote_tsanley,2,2019-09-26 18:53:27
ttach,ttach,qubvel_ttach,2,2019-10-02 00:12:52
auto_cli,auto-cli-py,tangledpath_auto-cli-py,2,2019-10-02 01:42:04
keras_ocr,keras-ocr,faustomorales_keras-ocr,2,2019-10-03 09:57:35
zita,zita,ktmud_zita,2,2019-10-04 13:59:21
CommonModules,CommonModules,wanghewen_CommonModules,2,2019-10-06 18:05:49
triplettorch,TripletTorch,TowardHumanizedInteraction_TripletTorch,2,2019-10-07 05:40:43
pytoan,pytoan,toandaominh1997_pytoan,2,2019-10-07 10:03:44
chainerui,travis-deploy2,chainer_chainerui,2,2019-10-07 17:34:18
basicai,basicai,dejanbatanjac_basicai,2,2019-10-08 04:05:36
tempeh,tempeh,microsoft_tempeh,2,2019-10-10 02:27:02
autograd_lib,autograd-lib,cybertronai_autograd-lib,2,2019-10-10 15:48:47
secml,secml,gitlab.com_secml_secml,2,2019-10-12 00:09:24
zaailabcorelib,zaailabcorelib,phamthanhtri_zaailabcorelib,2,2019-10-14 10:59:42
modelzoo,modelzoo,harbor-ml_modelzoo,2,2019-10-15 12:08:16
m2g,ndmg,neurodata_ndmg,2,2019-10-18 01:03:04
autoray,autoray,jcmgray_autoray,2,2019-10-23 19:47:16
taboo,zhx,haoxizhong_taboo,2,2019-10-27 15:22:15
nestedtensor,nestedtensor,cpuhrsch_nestedtensor,2,2019-10-29 01:21:02
tf_seal,tf-seal,tf-encrypted_tf-seal,2,2019-11-02 01:43:50
attributionpriors,attributionpriors,suinleelab_attributionpriors,2,2019-11-03 02:04:49
oidc_rp,django-oidc-rp,impak-finance_django-oidc-rp,3,2017-11-17 00:15:25
cogdb,cogdb,arun1729_cog,3,2017-11-23 03:57:41
twpca,twpca,ganguli-lab_twpca,3,2017-11-23 10:37:59
keras2onnx,keras2onnx,onnx_keras-onnx,3,2018-03-16 08:34:24
osrm,osrm,ustroetz_python-osrm,3,2018-03-27 19:24:47
rotest,rotest,gregoil_rotest,3,2018-03-28 18:50:40
graphid,graphid,Erotemic_graphid,3,2018-04-20 09:47:14
caraml,caraml,SurrealAI_caraml,3,2018-05-25 06:27:35
,Jack.py,JackTEK05_Jack.py,3,2018-06-05 05:02:33
,lab-ml,beringresearch_lab,3,2018-08-26 22:29:42
fuse,fuse,hanslovsky_fuse,3,2018-10-27 05:24:22
utensor_cgen,utensor-cgen,uTensor_utensor_cgen,3,2018-11-11 15:13:57
notion,notion,jamalex_notion-py,3,2018-12-02 05:51:45
freesia,freesia,gitlab.com_lgwilliams_freesia,3,2018-12-04 00:36:23
niworkflows,niworkflows,poldracklab_niworkflows,3,2018-12-13 04:25:13
nnoir_onnx,nnoir-onnx,Idein_nnoir,3,2018-12-18 15:33:52
rogue_gym,rogue-gym,kngwyu_rogue-gym,3,2018-12-19 11:31:26
rpctool,rpctool,DIYer22_retail_product_checkout_tools,3,2019-01-05 22:05:07
africanus,codex-africanus,ska-sa_codex-africanus,3,2019-01-10 18:23:15
,scipion-em-topaz,scipion-em_scipion-em-topaz,3,2019-01-15 22:01:02
rupo,rupo,IlyaGusev_rupo,3,2019-01-21 17:40:06
,tensorflow-rl,RLOpensource_tensorflow_RL,3,2019-01-22 13:19:04
guildai,guildai,guildai_guild,3,2019-01-23 04:35:20
dlr,dlr,neo-ai_neo-ai-dlr,3,2019-01-26 10:40:08
qupy,qupy,ken-nakanishi_qupy,3,2019-02-02 06:20:57
pscp,pscp,qbx2_pscp,3,2019-02-07 14:52:39
keras2onnx,keras2onnx,onnx_keras-onnx,3,2019-02-11 23:03:07
onnxruntime,scikit-onnxruntime,xadupre_scikit-onnxruntime,3,2019-02-22 01:07:36
onnxruntime,scikit-onnxruntime,xadupre_scikit-onnxruntime,3,2019-02-22 23:53:40
ProtParCon,ProtParCon,iBiology_ProtParCon,3,2019-03-06 06:43:15
chatbot_utils,chatbot-utils,eriknyquist_chatbot_utils,3,2019-03-07 16:45:42
dowel,dowel,rlworkgroup_dowel,3,2019-03-23 11:26:28
,spotflock-studio,Spotflock_studio-sdk-python,3,2019-03-25 23:48:12
onnxsim,onnx-simplifier,daquexian_onnx-simplifier,3,2019-04-01 17:33:58
qubekit,qubekit,qubekit_QUBEKit,3,2019-04-09 23:21:02
gilgalad,gil-galad,davidreiman_Gil-Galad,3,2019-04-13 05:39:33
neural_tangents,neural-tangents,google_neural-tangents,3,2019-04-13 12:05:58
vimtk,vimtk,Erotemic_vimtk,3,2019-04-14 09:53:20
espercli,espercli,esper-io_esper-cli,3,2019-04-17 03:00:54
f2format,f2format-converter,JarryShaw_f2format,3,2019-05-10 14:57:24
,onnx2bnn,JDAI-CV_dabnn,3,2019-05-19 11:15:38
tensornetwork,TensorNetwork,google_TensorNetwork,3,2019-05-21 12:32:49
dlr,dlr,neo-ai_neo-ai-dlr,3,2019-05-25 06:24:24
praxxis,praxxis,microsoft_praxxis,3,2019-05-30 00:20:23
keras2onnx,keras2onnx,onnx_keras-onnx,3,2019-06-07 02:52:32
gmsh_api,gmsh-api,lepy_gmsh_api,3,2019-06-07 22:38:35
mazeexplorer,mazeexplorer,microsoft_MazeExplorer,3,2019-06-08 01:20:50
hypster,hypster,gilad-rubin_hypster,3,2019-06-08 17:48:46
xfer,xfer-ml,amzn_xfer,3,2019-06-21 01:08:10
rupo,rupo,IlyaGusev_rupo,3,2019-06-21 04:23:52
vzlogger,vz-logger,vizstack_vz-logger,3,2019-06-22 09:00:01
t3f,t3f,Bihaqo_t3f,3,2019-06-24 23:35:31
pysigview,pysigview,ICRC-BME_PySigView,3,2019-07-04 13:25:02
xdoctest,xdoctest,Erotemic_xdoctest,3,2019-07-06 09:01:00
keras_xlnet,keras-xlnet,CyberZHG_keras-xlnet,3,2019-07-13 10:32:19
zcs,zcs,DIYer22_zcs,3,2019-07-17 21:50:43
deephyp,deephyp,lloydwindrim_hyperspectral-autoencoders,3,2019-07-18 18:28:24
PodSixNet,PodSixNet,chr15m_PodSixNet,3,2019-07-31 15:16:26
pyAudioProcessing,pyAudioProcessing,jsingh811_pyAudioProcessing,3,2019-08-10 07:14:06
jaxnet,jaxnet,JuliusKunze_jaxnet,3,2019-08-11 09:11:46
keras_bert,keras-bert,CyberZHG_keras-bert,3,2019-08-18 14:52:27
chatbot.chatbot,chatbot-py,lin423497786_chatbot-py,3,2019-08-20 15:07:46
,tb-paddle,linshuliang_tb-paddle,3,2019-08-21 16:09:55
yamconv,yamconv,yam-ai_yamconv,3,2019-08-27 21:57:15
keras_xlnet,keras-xlnet,CyberZHG_keras-xlnet,3,2019-09-01 12:09:40
keras_lookahead,keras-lookahead,CyberZHG_keras-lookahead,3,2019-09-11 21:48:29
pythonfiledatastore,pythonfiledatastore,njaveed_Datastore,3,2019-09-14 16:47:13
url_downloader,url-downloader,ChsHub_url_downloader,3,2019-09-17 21:51:48
sparkle_hypothesis,sparkle_hypothesis,machielg_sparkle-hypothesis,3,2019-09-18 16:50:47
bayesmark,bayesmark,uber_bayesmark,3,2019-09-20 03:59:33
vtext,vtext,rth_vtext,3,2019-09-24 05:56:31
skillbridge,skillbridge,unihd-cag_skillbridge,3,2019-09-24 21:12:07
,kubeflow-metadata,kubeflow_metadata,3,2019-09-25 13:47:59
kiss_cache,kiss-cache,HiveTraum_kiss_cache,3,2019-09-26 19:33:47
deriver,deriver,cyclica_deriver,3,2019-09-27 01:09:51
fklearn,fairkit-learn,brittjay0104_fairkit-learn,3,2019-09-28 02:47:39
wellpathpy,wellpathpy,Zabamund_wellpathpy,3,2019-10-01 22:05:08
altair_recipes,altair-recipes,piccolbo_altair_recipes,3,2019-10-08 00:15:34
treet,treet,Ad115_python-treet,3,2019-10-11 08:26:57
js-regex,js-regex,Zac-HD_js-regex,3,2019-10-17 19:52:15
t5,t5,google-research_text-to-text-transfer-transformer,3,2019-10-24 07:34:41
phc,lifeomic-logging,lifeomic_phc-sdk-py,3,2019-10-29 19:57:52
elrados,elrados,IamShobe_elrados,4,2018-07-13 02:25:16
higlass,higlass-python,higlass_higlass-python,4,2018-11-16 23:57:17
,simple-httpfs,higlass_simple-httpfs,4,2018-12-20 13:32:56
saas,saas,nattvara_saas,4,2019-01-15 00:38:41
ratarmount,ratarmount,mxmlnkn_ratarmount,4,2019-02-21 00:09:51
sam,bin-sam,big-data-lab-team_sam,4,2019-03-05 08:17:13
ragavi,ragavi,ratt-ru_ragavi,4,2019-03-05 18:19:20
freesia,async_freesia,AuraiProject_freesia,4,2019-03-05 22:40:00
crystalball,crystalball,paoloserra_crystalball,4,2019-03-08 16:52:14
,oxfs,RainMark_oxfs,4,2019-04-19 23:57:55
zerofs,zerofs,picklelo_zerofs,4,2019-04-25 17:35:48
fmridenoise,fmridenoise,nbraingroup_fmridenoise,4,2019-04-28 22:46:32
,clickupy,dang3r_clickupy,4,2019-05-09 08:11:41
teneto,teneto,wiheto_teneto,4,2019-06-26 06:54:36
gitlabfs,gitlabfs,Overv_gitlabfs,4,2019-07-15 02:01:24
geometer,geometer,jan-mue_geometer,4,2019-07-28 06:47:01
fancy_nlp,fancy-nlp,boat-group_fancy-nlp,4,2019-08-21 21:12:24
rotest,pytest-rotest,UnDarkle_pytest-rotest,4,2019-09-01 15:29:10
tebetebe,tebetebe,1papaya_tebetebe,4,2019-09-07 19:11:20
safemount,safemount,vrthra_safemount,4,2019-09-23 19:43:47
,onnxexplorer,jinfagang_onnxexplorer,4,2019-09-29 11:34:36
soothsayer,soothsayer,jolespin_soothsayer,5,2019-09-14 05:42:57
