0,face + pose + paper + time + recognit + estim + base + attent + repositori + sequenc
1,imag + network + neural + paper + base + cnn + classif + work + mnist + predict
2,floyd + detect + local + repositori + imag + command + jupyt + experi + github + comput
3,bert + languag + tweet + repositori + task + text + news + gener + nlp + process
4,sentiment + network + analysi + review + neural + imag + embed + machin + classif + base
5,imag + network + gener + sourc + box + paper + base + neural + multi + classif
6,imag + style + loss + transfer + network + neural + gener + paper + content + exampl
7,network + neural + build + convolut + gener + exampl + imag + autoencod + check + kera
8,imag + network + convolut + neural + classifi + classif + cnn + drive + video + label
9,imag + network + gener + predict + exampl + instal + directori + paper + base + user
10,network + sequenc + sentenc + neural + translat + base + seq + languag + question + answer
11,instal + gpu + version + librari + machin + kera + support + work + network + exampl
12,gener + gan + adversari + network + imag + discrimin + paper + pix + mnist + dcgan
13,word + embed + text + vector + gener + sentenc + vec + neural + network + lstm
14,score + predict + music + lstm + network + base + audio + emot + featur + speech
15,machin + video + sourc + imag + comput + exampl + featur + servic + base + open
16,imag + gener + build + exampl + googl + featur + work + machin + extract + network
17,network + graph + neural + yolo + convolut + detect + cnn + object + paper + mnist
18,csv + imag + age + chatbot + patient + base + ray + analysi + cnn + network
19,paper + segment + semant + repositori + point + network + base + work + featur + imag
20,network + imag + base + neural + paper + gener + time + convolut + work + comput
21,machin + regress + algorithm + cours + neural + network + linear + imag + class + classifi
22,network + imag + resnet + neural + object + detect + base + cnn + gener + convolut
23,version + bot + softwar + github + repositori + network + game + develop + licens + includ
24,kaggl + detect + branch + predict + imag + competit + network + kera + engin + face
25,exampl + network + cancer + algorithm + neural + tutori + featur + machin + lsdlock + breast
26,video + pi + camera + raspberri + detect + frame + imag + network + time + control
27,network + imag + neural + featur + function + accuraci + face + size + number + paramet
28,network + neural + imag + speech + detect + sampl + function + languag + base + gener
29,agent + reinforc + game + environ + algorithm + polici + gym + play + rl + openai
30,predict + price + network + stock + base + machin + analysi + problem + featur + neural
31,gener + docker + script + predict + base + featur + imag + build + src + sourc
32,imag + predict + network + machin + program + video + classif + repositori + summar + algorithm
33,tf + imag + path + network + dir + save + checkpoint + input + cnn + neural
34,imag + network + neural + process + task + time + instal + gener + predict + basel
35,instal + environ + directori + clone + repositori + command + jupyt + virtual + git + setup
36,detect + object + imag + server + api + instal + app + directori + web + applic
37,car + drive + udac + ro + simul + instal + nanodegre + vehicl + robot + predict
38,sign + traffic + network + neural + imag + writeup + classifi + convolut + point + ipython
39,network + neural + imag + convolut + assign + gener + week + classif + cours + architectur