0,repositori + agent + environ + udac + version + program + reinforc + click + nanodegre + instal,
1,lstm + rnn + sentiment + network + analysi + gener + neural + recurr + review + paper,
2,path + predict + save + input + number + paramet + network + size + gener + function,
3,network + paper + prototyp + sampl + class + neural + featur + repositori + shot + detect,
4,embed + attent + imag + network + neural + word + gener + paper + languag + featur,
5,network + neural + paper + convolut + graph + optim + algorithm + function + base + machin,
6,paper + cours + repositori + gener + machin + question + network + answer + work + time,
7,imag + network + paper + classifi + featur + classif + predict + base + gener + segment,
8,network + paper + pix + imag + kera + repositori + torch + version + task + architectur,
9,agent + environ + action + locat + target + posit + arm + vector + goal + number,
10,loss + imag + assign + game + network + featur + token + style + neural + vehicl,
11,paper + convolut + network + resnet + imag + cifar + segment + pretrain + cnn + semant,
12,gener + face + network + paper + imag + gan + version + mxnet + discrimin + person,
13,conv + mb + batchnorm + bn + relu + network + gener + machin + gan + neural,
14,imag + gener + function + sampl + network + exampl + text + class + neural + script,
15,network + imag + paper + style + gener + neural + gan + transfer + exampl + adversari,
16,agent + ball + score + network + net + episod + environ + neural + receiv + reward,
17,instal + machin + work + develop + user + engin + repo + repositori + start + exampl,
18,video + imag + paper + cell + depth + cvpr + supervis + li + author + repositori, paper
19,face + facial + keypoint + detect + imag + recognit + comput + network + predict + includ,
20,base + neural + network + seq + work + docker + paper + repositori + attack + gener,
21,instal + environ + script + repositori + gener + imag + version + clone + command + network,
22,predict + imag + classifi + user + network + machin + classif + accuraci + bert + process,
23,network + paper + neural + graph + work + base + experi + instal + comput + gpu,
24,agent + banana + collect + environ + reward + action + move + yellow + blue + forward,
25,object + detect + network + imag + featur + base + neural + cnn + robot + work,